{
    "num_samples": 1,
    "metrics": {
        "answer_accuracy": 0.0,
        "answer_f1_score": 0.0,
        "bleu_1": 0.04411764705817475,
        "bleu_2": 8.114630885887749e-10,
        "bleu_3": 2.152771166093962e-12,
        "bleu_4": 1.11306380842265e-13,
        "meteor": 0.20865251865827536,
        "cider": 0.0,
        "rouge_l": 0.05722326454033771,
        "spice": 0.0,
        "bertscore_p": 0.6123241782188416,
        "bertscore_r": 0.6947190165519714,
        "bertscore_f": 0.650924563407898
    }
}