{
    "num_samples": 300,
    "metrics": {
        "answer_accuracy": 0.06333333333333334,
        "answer_f1_score": 0.08248373983739836,
        "bleu_1": 0.034714195160146365,
        "bleu_2": 0.014607260719599982,
        "bleu_3": 0.00657955458419553,
        "bleu_4": 0.002961538073026861,
        "meteor": 0.13302862653577513,
        "cider": 2.224702449028434e-06,
        "rouge_l": 0.070036327922897,
        "spice": 0.01135198190106169,
        "bertscore_p": 0.598256528377533,
        "bertscore_r": 0.6777621507644653,
        "bertscore_f": 0.635237455368042
    }
}