{
    "num_samples": 300,
    "successful_samples": 300,
    "failed_samples": 0,
    "error_details": [],
    "metrics": {
        "answer_accuracy": 0.09333333333333334,
        "answer_f1_score": 0.07413107263107263,
        "bleu_1": 0.03902728351126696,
        "bleu_2": 0.015580184913408625,
        "bleu_3": 0.006447909307518151,
        "bleu_4": 0.002859510106151885,
        "meteor": 0.1319651314208716,
        "cider": 0.0006181006022080726,
        "rouge_l": 0.06427961106998713,
        "spice": 0.010460027853145796,
        "bertscore_p": 0.6165364384651184,
        "bertscore_r": 0.6723732948303223,
        "bertscore_f": 0.6419488191604614
    }
}