{
    "num_samples": 1,
    "metrics": {
        "answer_accuracy": 0.0,
        "answer_f1_score": 0.0,
        "bleu_1": 0.07936507936381962,
        "bleu_2": 1.1314070554854476e-09,
        "bleu_3": 2.7582649247152613e-12,
        "bleu_4": 1.3675372663320905e-13,
        "meteor": 0.25515273871999994,
        "cider": 0.0,
        "rouge_l": 0.09118086696562032,
        "spice": 0.0,
        "bertscore_p": 0.6429941654205322,
        "bertscore_r": 0.728882908821106,
        "bertscore_f": 0.6832498908042908
    }
}