{
    "num_samples": 10,
    "metrics": {
        "answer_accuracy": 0.1,
        "answer_f1_score": 0.15,
        "bleu_1": 0.15088757396405064,
        "bleu_2": 0.05674646807922828,
        "bleu_3": 0.02163466546086287,
        "bleu_4": 2.3945557840535626e-06,
        "meteor": 0.19813562443369973,
        "cider": 0.008138079345286344,
        "rouge_l": 0.15586981941701347,
        "spice": 0.01892358905293116,
        "bertscore_p": 0.6619740724563599,
        "bertscore_r": 0.709838330745697,
        "bertscore_f": 0.6847987174987793
    }
}