{
    "num_samples": 20,
    "metrics": {
        "answer_accuracy": 0.0,
        "answer_f1_score": 0.0,
        "bleu_1": 0.0432098765431832,
        "bleu_2": 0.015590239111548406,
        "bleu_3": 0.006750865990009483,
        "bleu_4": 6.664053356676709e-07,
        "meteor": 0.13964792710289078,
        "cider": 2.157954403480277e-12,
        "rouge_l": 0.07204496063692739,
        "spice": 0.0010204081632653062,
        "bertscore_p": 0.6148456335067749,
        "bertscore_r": 0.6923977136611938,
        "bertscore_f": 0.6510807871818542
    }
}