{
    "num_samples": 2,
    "metrics": {
        "answer_accuracy": 0.0,
        "answer_f1_score": 0.0,
        "bleu_1": 0.04477611940276232,
        "bleu_2": 0.015000187503440706,
        "bleu_3": 1.0453034484832426e-07,
        "bleu_4": 2.766451969652253e-10,
        "meteor": 0.1825374272933559,
        "cider": 3.943081034558182e-48,
        "rouge_l": 0.07455904842987687,
        "spice": 0.0,
        "bertscore_p": 0.6161734461784363,
        "bertscore_r": 0.721160888671875,
        "bertscore_f": 0.6644815802574158
    }
}