{
  "answer_accuracy": 0.0,
  "answer_f1_score": 0.0,
  "bleu_1": 0.30769230766863914,
  "bleu_2": 5.063696835012589e-09,
  "bleu_3": 1.325910579569504e-11,
  "bleu_4": 6.948413844184121e-13,
  "meteor": 0.27773942528483964,
  "cider": 0.0,
  "rouge_l": 0.2417437252311757,
  "spice": 0.1904761904761905,
  "bertscore_p": 0.7881053686141968,
  "bertscore_r": 0.773143470287323,
  "bertscore_f": 0.7805527448654175
}