{
  "answer_accuracy": 0.53,
  "answer_f1_score": 0.4568326433955225,
  "bleu_1": 0.19544697390333274,
  "bleu_2": 0.09116968158248516,
  "bleu_3": 0.04178554808412198,
  "bleu_4": 0.0189766542661333,
  "meteor": 0.1388133354991254,
  "cider": 0.23825525300032424,
  "rouge_l": 0.20650544661712145,
  "spice": 0.047448610360628675,
  "bertscore_p": 0.6865119338035583,
  "bertscore_r": 0.6978060007095337,
  "bertscore_f": 0.6917327046394348
}